document_name,authors,num_authors
Active_Learning_For_Repairable_Hardware_Systems_With_Partial_Coverage.pdf,[],0
AI_Agents_in_Cryptoland_Practical_Attacks_and_No_Silver_Bullet.pdf,[],0
Binary-Report_Peer_Prediction_for_Real-Valued_Signal_Spaces.pdf,[],0
CaKE_Circuit-aware_Editing_Enables_Generalizable_Knowledge_Learners.pdf,[],0
Characterizing_the_Convergence_of_Game_Dynamics_via_Potentialness.pdf,[],0
CLS-RL_Image_Classification_with_Rule-Based_Reinforcement_Learning.pdf,[],0
Diffusion-augmented_Graph_Contrastive_Learning_for_Collaborative_Filter.pdf,[],0
Dispersion_is_(Almost)_Optimal_under_(A)synchrony.pdf,[],0
Filters_reveal_emergent_structure_in_computational_morphogenesis.pdf,[],0
Finite-coupling_spectrum_of_O(N)_model_in_AdS.pdf,[],0
Finite_Sample_Analysis_of_System_Poles_for_Ho-Kalman_Algorithm.pdf,[],0
Goldstone-mediated_polar_instability_in_hexagonal_barium_titanate.pdf,[],0
InfiniteYou_Flexible_Photo_Recrafting_While_Preserving_Your_Identity.pdf,[],0
Interpretable_Neural_Causal_Models_with_TRAM-DAGs.pdf,[],0
Ion-Exchange_Doping_of_Semiconducting_Single-Walled_Carbon_Nanotubes.pdf,[],0
Machine_learning_identifies_nullclines_in_oscillatory_dynamical_systems.pdf,[],0
Machine_Learning_on_Multiple_Topological_Materials_Datasets.pdf,[],0
Manifold_learning_in_metric_spaces.pdf,[],0
Narrowing_Class-Wise_Robustness_Gaps_in_Adversarial_Training.pdf,[],0
Near-Linear_Runtime_for_a_Classical_Matrix_Preconditioning_Algorithm.pdf,[],0
Neural_Combinatorial_Optimization_for_Real-World_Routing.pdf,[],0
Non-Markovian_Relaxation_Spectroscopy_of_Fluxonium_Qubits.pdf,[],0
On_a_1d_nonlocal_transport_of_the_incompressible_porous_media_equation.pdf,[],0
On_the_spatial_distribution_of_luminous_blue_variables_in_the_M33_galaxy.pdf,[],0
Probabilistic_Quantum_SVM_Training_on_Ising_Machine.pdf,[],0
"Quantum_Characterization,_Verification,_and_Validation.pdf",[],0
Scale-wise_Distillation_of_Diffusion_Models.pdf,[],0
SceneMI_Motion_In-betweening_for_Modeling_Human-Scene_Interactions.pdf,[],0
Sharp_Strong_Convergence_in_Ideal_Flows.pdf,[],0
Sonata_Self-Supervised_Learning_of_Reliable_Point_Representations.pdf,"['Abstract Weaddressitthroughtwokeystrategies', 'Perception Self', 'Local View\nSemantic Awareness Spatial Reasoning\nFigure', 'Waymo Scan']",4
"Structured-Noise_Masked_Modeling_for_Video,_Audio_and_Beyond.pdf",[],0
Ultra-Resolution_Adaptation_with_Ease.pdf,[],0
